/*
MySQL Data Transfer
Source Host: 192.168.1.210
Source Database: magazine
Target Host: 192.168.1.210
Target Database: magazine
Date: 7/25/2017 1:55:57 PM
*/

SET FOREIGN_KEY_CHECKS=0;
-- ----------------------------
-- Table structure for categories
-- ----------------------------
CREATE TABLE `categories` (
  `id` int(11) NOT NULL auto_increment,
  `categoryname` varchar(100) default NULL,
  `categorydescription` tinytext,
  PRIMARY KEY  (`id`)
) ENGINE=InnoDB AUTO_INCREMENT=19 DEFAULT CHARSET=latin1;

-- ----------------------------
-- Table structure for comments
-- ----------------------------
CREATE TABLE `comments` (
  `id` int(11) NOT NULL auto_increment,
  `fullnames` varchar(200) default NULL,
  `email` varchar(100) default NULL,
  `comments` text,
  `updated_at` timestamp NULL default NULL on update CURRENT_TIMESTAMP,
  `created_at` timestamp NULL default NULL,
  `image` varchar(200) default NULL,
  `website` varchar(200) default NULL,
  `post_id` int(11) default NULL,
  PRIMARY KEY  (`id`)
) ENGINE=InnoDB AUTO_INCREMENT=96 DEFAULT CHARSET=latin1;

-- ----------------------------
-- Table structure for files
-- ----------------------------
CREATE TABLE `files` (
  `id` int(11) NOT NULL auto_increment,
  `filename` varchar(100) default NULL,
  `path` varchar(200) default NULL,
  `updated_at` timestamp NULL default NULL on update CURRENT_TIMESTAMP,
  `created_at` timestamp NULL default NULL,
  `category` int(10) default NULL,
  PRIMARY KEY  (`id`)
) ENGINE=InnoDB AUTO_INCREMENT=8 DEFAULT CHARSET=latin1;

-- ----------------------------
-- Table structure for news
-- ----------------------------
CREATE TABLE `news` (
  `id` int(11) NOT NULL auto_increment,
  `categories_id` int(11) default NULL,
  `article` tinytext,
  `body` text,
  `image` varchar(100) default NULL,
  `updated_at` timestamp NULL default NULL on update CURRENT_TIMESTAMP,
  `created_at` timestamp NULL default NULL,
  `slug` varchar(200) default NULL,
  `slugimage` varchar(200) default NULL,
  PRIMARY KEY  (`id`)
) ENGINE=InnoDB AUTO_INCREMENT=67 DEFAULT CHARSET=latin1;

-- ----------------------------
-- Table structure for users
-- ----------------------------
CREATE TABLE `users` (
  `id` int(11) NOT NULL auto_increment,
  `name` varchar(200) default NULL,
  `email` varchar(500) default NULL,
  `password` varchar(200) default NULL,
  `updated_at` timestamp NULL default NULL on update CURRENT_TIMESTAMP,
  `created_at` timestamp NULL default NULL,
  `remember_token` tinytext,
  PRIMARY KEY  (`id`)
) ENGINE=InnoDB AUTO_INCREMENT=2 DEFAULT CHARSET=latin1;

-- ----------------------------
-- Records 
-- ----------------------------
INSERT INTO `categories` VALUES ('1', 'Breaking News', null);
INSERT INTO `categories` VALUES ('2', 'Kenyan Politics', null);
INSERT INTO `categories` VALUES ('3', 'Entertainment News', null);
INSERT INTO `categories` VALUES ('4', 'County News', null);
INSERT INTO `categories` VALUES ('5', 'Sports News', null);
INSERT INTO `categories` VALUES ('6', 'Latest News', null);
INSERT INTO `categories` VALUES ('7', 'View archve from world', null);
INSERT INTO `categories` VALUES ('8', 'World Sport', null);
INSERT INTO `categories` VALUES ('9', 'Local Sports News', null);
INSERT INTO `categories` VALUES ('10', 'Latest articles', null);
INSERT INTO `categories` VALUES ('11', 'Receint comments', null);
INSERT INTO `categories` VALUES ('12', 'Featured Block Left', null);
INSERT INTO `categories` VALUES ('13', 'Politics Gallery', null);
INSERT INTO `categories` VALUES ('14', 'Sports Gallery', null);
INSERT INTO `categories` VALUES ('15', 'Entertainment Gallery', null);
INSERT INTO `categories` VALUES ('16', 'Highlights', null);
INSERT INTO `categories` VALUES ('17', 'Featured Block Main1', null);
INSERT INTO `categories` VALUES ('18', 'Featured Block Main2', null);
INSERT INTO `comments` VALUES ('89', 'Mugambi', 'martin@coreict.co.ke', 'United States President Donald Trump has a thing about handshakes. We\'ve covered it before. World leaders know it\'s a thing. They\'ve got strategies against it now. Trump and his wife, Melania, are visiting France to mark Bastille Day, taking Emmanuel Macron up on', '2017-07-19 12:30:04', '2017-07-19 12:30:04', '/images/avatar-1.jpg', 'www.coreict.co.ke', '32');
INSERT INTO `comments` VALUES ('92', 'Joel', 'joel@yahoo.com', 'Judges in Kenya rule random breath tests illegal \'because they violate people\'s rights’', '2017-07-19 12:54:54', '2017-07-19 12:54:54', '/images/avatar-1.jpg', 'www.joew.com', '32');
INSERT INTO `comments` VALUES ('93', 'Wainaina', 'wainaina @yahoo.com', 'Kenya Turns To China For SGR Management After Kibwezi Scare', '2017-07-19 12:55:56', '2017-07-19 12:55:56', '/images/avatar-1.jpg', null, '31');
INSERT INTO `comments` VALUES ('94', 'Winnie', 'winnie@yahoo.com', 'Three African countries chosen to test world\'s first malaria vaccine', '2017-07-19 12:56:26', '2017-07-19 12:56:26', '/images/avatar-1.jpg', null, '31');
INSERT INTO `comments` VALUES ('95', 'Maureen', 'maureen@yahoo.com', 'Obado, Ayacko to know polls fate Thursday afternoon', '2017-07-19 13:05:34', '2017-07-19 13:05:34', '/images/avatar-1.jpg', null, '19');
INSERT INTO `files` VALUES ('1', 'image/image25.jpg', 'images/image-25.jpg', '2017-07-14 13:17:45', null, '14');
INSERT INTO `files` VALUES ('2', 'image/image26.jpg', 'images/image-26.jpg', '2017-07-14 13:17:41', null, '14');
INSERT INTO `files` VALUES ('3', 'image/image27.jpg', 'images/image-27.jpg', '2017-07-14 13:17:37', null, '14');
INSERT INTO `files` VALUES ('4', 'image/image24.jpg', 'images/image-24.jpg', '2017-07-14 13:17:32', null, '13');
INSERT INTO `files` VALUES ('5', 'image/image22.jpg', 'images/image-22.jpg', '2017-07-14 13:17:28', null, '13');
INSERT INTO `files` VALUES ('6', 'image/image23.jpg', 'images/image-23.jpg', '2017-07-14 13:17:25', null, '13');
INSERT INTO `files` VALUES ('7', 'image/image28.jpg', 'images/image-28.jpg', '2017-07-14 13:17:22', null, '14');
INSERT INTO `news` VALUES ('1', '1', 'LIVE BLOG: Ruto takes vote hunt to Kisii, Nyamira  ', 'United States President Donald Trump has a thing about handshakes. \r\n\r\nWe\'ve covered it before. World leaders know it\'s a thing. They\'ve got strategies against it now.\r\n\r\nTrump and his wife, Melania, are visiting France to mark Bastille Day, taking Emmanuel Macron up on his surprise invitation.\r\n\r\nThe last time he publicly shook hands with the newly elected French President, Macron definitely got the better of the 45th President.', 'images/image-1.jpg', '2017-07-15 16:36:57', null, 'post/1', 'images/postimages/image-2.jpg');
INSERT INTO `news` VALUES ('2', '1', 'Nicholas Biwott\'s last mission ', 'United States President Donald Trump has a thing about handshakes. \r\n\r\nWe\'ve covered it before. World leaders know it\'s a thing. They\'ve got strategies against it now.\r\n\r\nTrump and his wife, Melania, are visiting France to mark Bastille Day, taking Emmanuel Macron up on his surprise invitation.\r\n\r\nThe last time he publicly shook hands with the newly elected French President, Macron definitely got the better of the 45th President.', 'images/image-1.jpg', '2017-07-15 16:36:59', null, 'post/2', 'images/postimages/image-2.jpg');
INSERT INTO `news` VALUES ('3', '1', 'Pilot was warned before city plane crash ', 'United States President Donald Trump has a thing about handshakes. \r\n\r\nWe\'ve covered it before. World leaders know it\'s a thing. They\'ve got strategies against it now.\r\n\r\nTrump and his wife, Melania, are visiting France to mark Bastille Day, taking Emmanuel Macron up on his surprise invitation.\r\n\r\nThe last time he publicly shook hands with the newly elected French President, Macron definitely got the better of the 45th President.', 'images/image-1.jpg', '2017-07-15 16:37:00', null, 'post/3', 'images/postimages/image-2.jpg');
INSERT INTO `news` VALUES ('4', '1', 'No word from ex-minister’s kin after his death', 'United States President Donald Trump has a thing about handshakes. \r\n\r\nWe\'ve covered it before. World leaders know it\'s a thing. They\'ve got strategies against it now.\r\n\r\nTrump and his wife, Melania, are visiting France to mark Bastille Day, taking Emmanuel Macron up on his surprise invitation.\r\n\r\nThe last time he publicly shook hands with the newly elected French President, Macron definitely got the better of the 45th President.', 'images/image-1.jpg', '2017-07-15 16:37:01', null, 'post/4', 'images/postimages/image-2.jpg');
INSERT INTO `news` VALUES ('5', '1', 'Gor Mahia plot to chew Toffees ', 'United States President Donald Trump has a thing about handshakes. \r\n\r\nWe\'ve covered it before. World leaders know it\'s a thing. They\'ve got strategies against it now.\r\n\r\nTrump and his wife, Melania, are visiting France to mark Bastille Day, taking Emmanuel Macron up on his surprise invitation.\r\n\r\nThe last time he publicly shook hands with the newly elected French President, Macron definitely got the better of the 45th President.', 'images/image-1.jpg', '2017-07-15 16:37:01', null, 'post/5', 'images/postimages/image-2.jpg');
INSERT INTO `news` VALUES ('6', '2', 'Government asks Google to take down Mutahi Ngunyi\'s video\r\n\r\n', 'United States President Donald Trump has a thing about handshakes. \r\n\r\nWe\'ve covered it before. World leaders know it\'s a thing. They\'ve got strategies against it now.\r\n\r\nTrump and his wife, Melania, are visiting France to mark Bastille Day, taking Emmanuel Macron up on his surprise invitation.\r\n\r\nThe last time he publicly shook hands with the newly elected French President, Macron definitely got the better of the 45th President.', 'images/image-1.jpg', '2017-07-15 16:37:02', null, 'post/6', 'images/postimages/image-2.jpg');
INSERT INTO `news` VALUES ('7', '2', 'IEBC assures of integrity, security of poll register\r\n', 'United States President Donald Trump has a thing about handshakes. \r\n\r\nWe\'ve covered it before. World leaders know it\'s a thing. They\'ve got strategies against it now.\r\n\r\nTrump and his wife, Melania, are visiting France to mark Bastille Day, taking Emmanuel Macron up on his surprise invitation.\r\n\r\nThe last time he publicly shook hands with the newly elected French President, Macron definitely got the better of the 45th President.', 'images/image-1.jpg', '2017-07-15 16:37:03', null, 'post/7', 'images/postimages/image-2.jpg');
INSERT INTO `news` VALUES ('8', '2', 'IEBC: How we will prevent failure on election day\r\n\r\n', 'United States President Donald Trump has a thing about handshakes. \r\n\r\nWe\'ve covered it before. World leaders know it\'s a thing. They\'ve got strategies against it now.\r\n\r\nTrump and his wife, Melania, are visiting France to mark Bastille Day, taking Emmanuel Macron up on his surprise invitation.\r\n\r\nThe last time he publicly shook hands with the newly elected French President, Macron definitely got the better of the 45th President.', 'images/image-1.jpg', '2017-07-15 16:37:04', null, 'post/8', 'images/postimages/image-2.jpg');
INSERT INTO `news` VALUES ('9', '2', 'NASA chiefs condemn political intolerance\r\n\r\n', 'United States President Donald Trump has a thing about handshakes. \r\n\r\nWe\'ve covered it before. World leaders know it\'s a thing. They\'ve got strategies against it now.\r\n\r\nTrump and his wife, Melania, are visiting France to mark Bastille Day, taking Emmanuel Macron up on his surprise invitation.\r\n\r\nThe last time he publicly shook hands with the newly elected French President, Macron definitely got the better of the 45th President.', 'images/image-1.jpg', '2017-07-15 16:37:05', null, 'post/9', 'images/postimages/image-2.jpg');
INSERT INTO `news` VALUES ('14', '3', 'Siaya songstress Yvonne Shanneyz falls off stage at Luo Festival', 'United States President Donald Trump has a thing about handshakes. \r\n\r\nWe\'ve covered it before. World leaders know it\'s a thing. They\'ve got strategies against it now.\r\n\r\nTrump and his wife, Melania, are visiting France to mark Bastille Day, taking Emmanuel Macron up on his surprise invitation.\r\n\r\nThe last time he publicly shook hands with the newly elected French President, Macron definitely got the better of the 45th President.', 'images/image-1.jpg', '2017-07-15 16:37:06', null, 'post/14', 'images/postimages/image-2.jpg');
INSERT INTO `news` VALUES ('15', '3', 'How Nicholas Biwott acquired Yaya Centre for a song', 'United States President Donald Trump has a thing about handshakes. \r\n\r\nWe\'ve covered it before. World leaders know it\'s a thing. They\'ve got strategies against it now.\r\n\r\nTrump and his wife, Melania, are visiting France to mark Bastille Day, taking Emmanuel Macron up on his surprise invitation.\r\n\r\nThe last time he publicly shook hands with the newly elected French President, Macron definitely got the better of the 45th President.', 'images/image-1.jpg', '2017-07-15 16:37:07', null, 'post/15', 'images/postimages/image-2.jpg');
INSERT INTO `news` VALUES ('16', '3', 'She is my true love - Singer Eko Dydda showers praise on wife', 'United States President Donald Trump has a thing about handshakes. \r\n\r\nWe\'ve covered it before. World leaders know it\'s a thing. They\'ve got strategies against it now.\r\n\r\nTrump and his wife, Melania, are visiting France to mark Bastille Day, taking Emmanuel Macron up on his surprise invitation.\r\n\r\nThe last time he publicly shook hands with the newly elected French President, Macron definitely got the better of the 45th President.', 'images/image-1.jpg', '2017-07-15 16:37:07', null, 'post/16', 'images/postimages/image-2.jpg');
INSERT INTO `news` VALUES ('17', '3', 'Parody master: More from the ‘Yaliyo Ndwele Sipite’ hit maker', 'United States President Donald Trump has a thing about handshakes. \r\n\r\nWe\'ve covered it before. World leaders know it\'s a thing. They\'ve got strategies against it now.\r\n\r\nTrump and his wife, Melania, are visiting France to mark Bastille Day, taking Emmanuel Macron up on his surprise invitation.\r\n\r\nThe last time he publicly shook hands with the newly elected French President, Macron definitely got the better of the 45th President.', 'images/image-1.jpg', '2017-07-15 16:37:08', null, 'post/17', 'images/postimages/image-2.jpg');
INSERT INTO `news` VALUES ('18', '3', 'Former TJRC chair Ambassador Bethuel Kiplagat dies after long illness ', 'United States President Donald Trump has a thing about handshakes. \r\n\r\nWe\'ve covered it before. World leaders know it\'s a thing. They\'ve got strategies against it now.\r\n\r\nTrump and his wife, Melania, are visiting France to mark Bastille Day, taking Emmanuel Macron up on his surprise invitation.\r\n\r\nThe last time he publicly shook hands with the newly elected French President, Macron definitely got the better of the 45th President.', 'images/image-1.jpg', '2017-07-15 16:37:09', null, 'post/18', 'images/postimages/image-2.jpg');
INSERT INTO `news` VALUES ('19', '4', 'Nairobi : Obado, Ayacko to know polls fate Thursday afternoon', 'United States President Donald Trump has a thing about handshakes. \r\n\r\nWe\'ve covered it before. World leaders know it\'s a thing. They\'ve got strategies against it now.\r\n\r\nTrump and his wife, Melania, are visiting France to mark Bastille Day, taking Emmanuel Macron up on his surprise invitation.\r\n\r\nThe last time he publicly shook hands with the newly elected French President, Macron definitely got the better of the 45th President.', 'images/image-1.jpg', '2017-07-15 16:37:09', null, 'post/19', 'images/postimages/image-2.jpg');
INSERT INTO `news` VALUES ('20', '4', 'Mbita : Uhuru opens Sh1bn Mbita-Rusinga bridge, pledges more roads in Nyanza\r\n', 'United States President Donald Trump has a thing about handshakes. \r\n\r\nWe\'ve covered it before. World leaders know it\'s a thing. They\'ve got strategies against it now.\r\n\r\nTrump and his wife, Melania, are visiting France to mark Bastille Day, taking Emmanuel Macron up on his surprise invitation.\r\n\r\nThe last time he publicly shook hands with the newly elected French President, Macron definitely got the better of the 45th President.', 'images/image-1.jpg', '2017-07-15 16:37:10', null, 'post/20', 'images/postimages/image-2.jpg');
INSERT INTO `news` VALUES ('21', '4', 'Machakos : Elderly woman believed to have sent evil spirits to pupils lynched\r\n', 'United States President Donald Trump has a thing about handshakes. \r\n\r\nWe\'ve covered it before. World leaders know it\'s a thing. They\'ve got strategies against it now.\r\n\r\nTrump and his wife, Melania, are visiting France to mark Bastille Day, taking Emmanuel Macron up on his surprise invitation.\r\n\r\nThe last time he publicly shook hands with the newly elected French President, Macron definitely got the better of the 45th President.', 'images/image-1.jpg', '2017-07-15 16:37:11', null, 'post/21', 'images/postimages/image-2.jpg');
INSERT INTO `news` VALUES ('22', '4', 'Baringo : Traditional Pokot birth attendant now urges mothers to give birth in hospital', 'United States President Donald Trump has a thing about handshakes. \r\n\r\nWe\'ve covered it before. World leaders know it\'s a thing. They\'ve got strategies against it now.\r\n\r\nTrump and his wife, Melania, are visiting France to mark Bastille Day, taking Emmanuel Macron up on his surprise invitation.\r\n\r\nThe last time he publicly shook hands with the newly elected French President, Macron definitely got the better of the 45th President.', 'images/image-1.jpg', '2017-07-15 16:37:12', null, 'post/22', 'images/postimages/image-2.jpg');
INSERT INTO `news` VALUES ('23', '5', 'Wayne Rooney scores on Everton return', 'United States President Donald Trump has a thing about handshakes. \r\n\r\nWe\'ve covered it before. World leaders know it\'s a thing. They\'ve got strategies against it now.\r\n\r\nTrump and his wife, Melania, are visiting France to mark Bastille Day, taking Emmanuel Macron up on his surprise invitation.\r\n\r\nThe last time he publicly shook hands with the newly elected French President, Macron definitely got the better of the 45th President.', 'images/image-1.jpg', '2017-07-15 16:37:12', null, 'post/23', 'images/postimages/image-2.jpg');
INSERT INTO `news` VALUES ('24', '5', 'Politics, interference with selection of players would hurt South Africa, says Graeme Pollock', 'United States President Donald Trump has a thing about handshakes. \r\n\r\nWe\'ve covered it before. World leaders know it\'s a thing. They\'ve got strategies against it now.\r\n\r\nTrump and his wife, Melania, are visiting France to mark Bastille Day, taking Emmanuel Macron up on his surprise invitation.\r\n\r\nThe last time he publicly shook hands with the newly elected French President, Macron definitely got the better of the 45th President.', 'images/image-2.jpg', '2017-07-15 16:25:52', null, 'post/24', 'images/postimages/image-2.jpg');
INSERT INTO `news` VALUES ('25', '5', 'Lewis Hamilton feeling heat after snubbing event before British Grand Prix', 'United States President Donald Trump has a thing about handshakes. \r\n\r\nWe\'ve covered it before. World leaders know it\'s a thing. They\'ve got strategies against it now.\r\n\r\nTrump and his wife, Melania, are visiting France to mark Bastille Day, taking Emmanuel Macron up on his surprise invitation.\r\n\r\nThe last time he publicly shook hands with the newly elected French President, Macron definitely got the better of the 45th President.', 'images/image-3.jpg', '2017-07-15 16:25:56', null, 'post/25', 'images/postimages/image-3.jpg');
INSERT INTO `news` VALUES ('26', '5', 'Floyd Mayweather Jr rains dollar notes on Conor McGregor in promotional event, watch video', 'United States President Donald Trump has a thing about handshakes. \r\n\r\nWe\'ve covered it before. World leaders know it\'s a thing. They\'ve got strategies against it now.\r\n\r\nTrump and his wife, Melania, are visiting France to mark Bastille Day, taking Emmanuel Macron up on his surprise invitation.\r\n\r\nThe last time he publicly shook hands with the newly elected French President, Macron definitely got the better of the 45th President.', 'images/image-4.jpg', '2017-07-15 16:26:00', null, 'post/26', 'images/postimages/image-4.jpg');
INSERT INTO `news` VALUES ('27', '5', 'If given an option of retaining a player, it will definitely be MS Dhoni, says CSK official', 'United States President Donald Trump has a thing about handshakes. \r\n\r\nWe\'ve covered it before. World leaders know it\'s a thing. They\'ve got strategies against it now.\r\n\r\nTrump and his wife, Melania, are visiting France to mark Bastille Day, taking Emmanuel Macron up on his surprise invitation.\r\n\r\nThe last time he publicly shook hands with the newly elected French President, Macron definitely got the better of the 45th President.', 'images/image-5.jpg', '2017-07-15 16:26:04', null, 'post/27', 'images/postimages/image-5.jpg');
INSERT INTO `news` VALUES ('28', '12', 'Checkibets is a kenyan site providing you with current politics,sports,entertainment news.', 'United States President Donald Trump has a thing about handshakes. \r\n\r\nWe\'ve covered it before. World leaders know it\'s a thing. They\'ve got strategies against it now.\r\n\r\nTrump and his wife, Melania, are visiting France to mark Bastille Day, taking Emmanuel Macron up on his surprise invitation.\r\n\r\nThe last time he publicly shook hands with the newly elected French President, Macron definitely got the better of the 45th President.', 'images/image-8.jpg', '2017-07-15 16:26:08', null, 'post/28', 'images/postimages/image-8.jpg');
INSERT INTO `news` VALUES ('29', '6', 'Kenya Turns To China For SGR Management After Kibwezi Scare ', 'United States President Donald Trump has a thing about handshakes. \r\n\r\nWe\'ve covered it before. World leaders know it\'s a thing. They\'ve got strategies against it now.\r\n\r\nTrump and his wife, Melania, are visiting France to mark Bastille Day, taking Emmanuel Macron up on his surprise invitation.\r\n\r\nThe last time he publicly shook hands with the newly elected French President, Macron definitely got the better of the 45th President.', 'images/image-18.jpg', '2017-07-15 16:26:11', null, 'post/29', 'images/postimages/image-18.jpg');
INSERT INTO `news` VALUES ('30', '6', 'Base Resources forecasts lower ilmenite output from Kenya in 2017/18 ', 'United States President Donald Trump has a thing about handshakes. \r\n\r\nWe\'ve covered it before. World leaders know it\'s a thing. They\'ve got strategies against it now.\r\n\r\nTrump and his wife, Melania, are visiting France to mark Bastille Day, taking Emmanuel Macron up on his surprise invitation.\r\n\r\nThe last time he publicly shook hands with the newly elected French President, Macron definitely got the better of the 45th President.', 'images/image-19.jpg', '2017-07-15 16:26:15', null, 'post/30', 'images/postimages/image-19.jpg');
INSERT INTO `news` VALUES ('31', '6', 'Al Shabaab shot PS El-Maawy on the chest, fractured her hand - police report ', 'United States President Donald Trump has a thing about handshakes. \r\n\r\nWe\'ve covered it before. World leaders know it\'s a thing. They\'ve got strategies against it now.\r\n\r\nTrump and his wife, Melania, are visiting France to mark Bastille Day, taking Emmanuel Macron up on his surprise invitation.\r\n\r\nThe last time he publicly shook hands with the newly elected French President, Macron definitely got the better of the 45th President.', 'images/image-20.jpg', '2017-07-15 16:26:18', null, 'post/31', 'images/postimages/image-20.jpg');
INSERT INTO `news` VALUES ('32', '6', 'Judge weakens Trump travel ban ', 'United States President Donald Trump has a thing about handshakes. \r\n\r\nWe\'ve covered it before. World leaders know it\'s a thing. They\'ve got strategies against it now.\r\n\r\nTrump and his wife, Melania, are visiting France to mark Bastille Day, taking Emmanuel Macron up on his surprise invitation.\r\n\r\nThe last time he publicly shook hands with the newly elected French President, Macron definitely got the better of the 45th President.', 'images/image-21.jpg', '2017-07-15 16:24:36', null, 'post/32', 'images/postimages/image-21.jpg');
INSERT INTO `news` VALUES ('33', '16', 'Al-Shabab terrorists behead nine civilians in Kenya, officials say', 'Al-Shabab extremists from neighbouring Somalia beheaded nine civilians in an early-morning attack on a village in the southeast, Kenyan officials said, as concerns grew that the group had taken up a bloody new strategy. \r\n\r\nThe attack occurred in Jima village in Lamu County, said James Ole Serian, who leads a task force of security agencies combating al-Shabab. \r\n\r\nBeheadings by al-Shabab have been rare in Kenya, where the extremist group has carried out dozens of deadly attacks over the years. The East African country has seen an increase in attacks claimed by al-Shabab in recent weeks, posing a security threat ahead of next month\'s presidential election. \r\n\r\nThe al-Qaeda-linked al-Shabab has vowed retribution on Kenya for sending troops in 2011 to Somalia to fight the group, which last year became the deadliest Islamic extremist group in Africa. ', 'images/image-31.jpg', '2017-07-15 12:53:24', null, 'post/33', 'images/postimages/image-31.jpg');
INSERT INTO `news` VALUES ('34', '16', 'Three African countries chosen to test world\'s first malaria vaccine', 'Three African countries have been chosen to test the world\'s first malaria vaccine, the World Health Organisation (WHO) has announced. Ghana, Kenya and Malawi will begin piloting the injectable vaccine next year with young children, who have been at highest risk of death. \r\n\r\nThe vaccine, which has partial effectiveness, has the potential to save tens of thousands of lives if used with existing measures, the WHO regional director for Africa, Dr Matshidiso Moeti, said in a statement. The challenge is whether impoverished countries can deliver the required four doses of the vaccine for each child. \r\n\r\nMalaria remains one of the world\'s most stubborn health challenges, infecting more than 200 million people every year and killing about half a million, most of them children in Africa. Bed netting and insecticides are the chief protection. ', 'images/image-32.jpg', '2017-07-15 12:53:31', null, 'post/34', 'images/postimages/image-32.jpg');
INSERT INTO `news` VALUES ('35', '16', 'Gunmen shoot conservationist Kuki Gallman in Kenya', 'Gunmen shot and wounded Italian-born conservationist Kuki Gallmann at her conservation park in northern Kenya on Sunday, a source close to her family said.\r\n\r\nThe 73-year-old author of the memoir I Dreamed of Africa was shot in the stomach after the vehicle she was driving in was ambushed by a group of gunmen, the source said.\r\n\r\nGallmann was first flown by helicopter to Nanyuki Hospital, where she received treatment, but was later transferred to another hospital in Kenya’s capital, Nairobi.', 'images/image-33.jpg', '2017-07-15 12:53:38', null, 'post/35', 'images/postimages/image-33.jpg');
INSERT INTO `news` VALUES ('36', '16', 'Judges in Kenya rule random breath tests illegal \'because they violate people\'s rights’', 'Judges in Kenya have ruled the use of breathalysers is illegal after a bar owner brought a case saying they violated people’s rights.\r\n\r\nKariuki Ruitha, who owns the Reminisce Club in Nairobi, said he lost 80 per cent of his business after police began using breathalysers - known locally as alcoblows - on customers. \r\n\r\nHis clients were scared to visit the bar because of the risk of arrest and the resulting loss in revenue meant he had to make 44 employees redundant, The Star reported.', 'images/image-34.jpg', '2017-07-15 12:53:45', null, 'post/36', 'images/postimages/image-34.jpg');
INSERT INTO `news` VALUES ('37', '16', 'Satao II: One of Africa\'s last giant tusker elephants is killed \'with poison arrow\' in Kenya', 'One of Kenya’s last tusker elephants has been killed by poachers, conservationists have said.  \r\n\r\nSatao II\'s body was found during a routine aerial reconnaissance by the Kenyan Wildlife Service (KWS) near the Voi river in Tsavo East National Park, according to the Tsavo Trust, a non profit conservation group which helps manage the park.   \r\n\r\nWhile the cause of death is unknown, the trust said it was \"believed to be from poisoned arrow\". ', 'images/image-35.jpg', '2017-07-15 12:53:54', null, 'post/37', 'images/postimages/image-35.jpg');
INSERT INTO `news` VALUES ('38', '16', 'Kenyan political show dropped after male guest makes rape remark ', 'A political television show in Kenya has been dropped after a male guest made a rape remark about a female guest. \r\n\r\nThe show, hosted by former CNN journalist Jeff Koinange, had Miguna Miguna and Esther Passaris as guests - both of whom are contenders for the Nairobi governor seat.\r\n\r\nMr Miguna said \"Esther is so beautiful everybody wants to rape her\", in an off-air personal attack.', 'images/image-36.jpg', '2017-07-15 12:54:01', null, 'post/38', 'images/postimages/image-36.jpg');
INSERT INTO `news` VALUES ('39', '17', 'China\'s quest to buy up global supply of donkeys halted by African nations', 'A number of African countries have banned China from buying their donkeys, saying demand for the four-legged creatures has become unsustainable.\r\n', 'images/image-37.jpg', '2017-07-15 12:54:09', null, 'post/39', 'images/postimages/image-37.jpg');
INSERT INTO `news` VALUES ('40', '7', 'People think Beyonce and Jay-Z\'s son\'s name proves an old conspiracy theory', 'Beyoncé and Jay-Z\'s newly born twins have been in the world for one month now but their names have been kept private.\r\nNow the superstar couple have revealed the children\'s names to be Sir Carter and Rumi and did so via the most amazing Instagram post you\'ve ever seen (since the last Beyoncé Instagram post).', 'images/image-38.jpg', '2017-07-15 12:54:25', null, 'post/40', 'images/postimages/image-38.jpg');
INSERT INTO `news` VALUES ('41', '7', 'The biggest volcano in Europe is on fire, and now things are starting to get really freaky', 'There are multiple fires burning on Mount Vesuvius – and it looks rather terrifying.\r\n\r\nThe volcano isn’t erupting – thankfully – but it is host to multiple wildfires near Naples, Italy.\r\n\r\nWildfires are causing evacuations in nearby towns and villages and tourists are being warned to stay away while firefighters attempt to tackle the blazes. \r\n\r\nThe pictures emerging from the region are striking.\r\n\r\n    #vesuvio #napoli #fuoco #protezionecivile pic.twitter.com/yCeWPq87k4\r\n    — di fiore fotografi (@fotodifiore) July 11, 2017\r\n\r\n \r\n\r\n    #Vesuvio on #fire view from #Pompei pic.twitter.com/hRgoHRHvDp\r\n    — Rossella Luciani (@rosscaracol) July 11, 2017', 'images/image-39.jpg', '2017-07-15 12:54:33', null, 'post/41', 'images/postimages/image-39.jpg');
INSERT INTO `news` VALUES ('42', '7', 'Ryan Reynolds had the best response to Wonder Woman beating Deadpool at the box office', 'You may have noticed that superhero movies are making a lot of money at the moment.\r\n\r\nWhether it is Marvel\'s Avengers or DC\'s Batman and Superman, the comic book adaptations are packing out cinema screens all year round. \r\n\r\nOne of this year\'s biggest successes is DC\'s Wonder Woman, starring Gal Gadot as the empowering Amazonian Princess.', 'images/image-40.jpg', '2017-07-15 12:54:40', null, 'post/42', 'images/postimages/image-40.jpg');
INSERT INTO `news` VALUES ('43', '7', 'Macron got a little NSFW with his wife during the Trump\'s visit', 'French president Emmanuel Macron has shown the world he is passionate about much more than politics.\r\n\r\nDuring a state visit by American President Donald Trump and First Lady Melania Trump, Macron and his wife Brigitte decided to take the pair on a tour of the historic complex of buildings Les Invalides in Paris.\r\n\r\nIt was during this tour of museums and monuments, which include a church marking the final resting place of Napoleon Bonaparte, Macron reportedly gave his wife a “tap on the read end”.\r\n\r\nThe \'rear-end tap\' was allegedly spotted by pool reporter Brian Bennett, and later tweeted out by the White House reporter for the New York Times Maggie Haberman. \r\n\r\nMr Macron\'s wife reportedly “looked surprised and smiled”.', 'images/image-41.jpg', '2017-07-15 12:54:47', null, 'post/43', 'images/postimages/image-41.jpg');
INSERT INTO `news` VALUES ('44', '7', 'Theresa May has been PM exactly one year - she\'s never had it so bad', 'On 18 April Theresa May threw away the first majority won by the Conservative Party in 23 years.\r\n\r\nThe joy of being in power, and without the help of the Liberal Democrats, was smothered after just 1 year, 11 months, and 11 days.\r\n\r\n13 July marks the first year of her premiership, after she replaced David Cameron - the leader who\'d won that majority.\r\n\r\nWhen she first ascended, things were looking great.\r\n\r\nHow things have changed.', 'images/image-42.jpg', '2017-07-15 12:54:55', null, 'post/44', 'images/postimages/image-42.jpg');
INSERT INTO `news` VALUES ('45', '7', 'Donald Trump yanks arm of French President Emmanuel Macron\'s wife in latest bizarre handshake', 'United States President Donald Trump has a thing about handshakes. \r\n\r\nWe\'ve covered it before. World leaders know it\'s a thing. They\'ve got strategies against it now.\r\n\r\nTrump and his wife, Melania, are visiting France to mark Bastille Day, taking Emmanuel Macron up on his surprise invitation.\r\n\r\nThe last time he publicly shook hands with the newly elected French President, Macron definitely got the better of the 45th President.', 'images/image-43.jpg', '2017-07-15 12:55:02', null, 'post/45', 'images/postimages/image-43.jpg');
INSERT INTO `news` VALUES ('46', '7', 'Map reveals if you\'re living in one of the laziest countries in the world', 'Scientists at Stanford University have analysed 68 million days\' worth of data from people\'s smartphones to study physical activity on a global scale.\r\n\r\nMore than 700,000 people across 46 countries were part of the study, published in the journal Nature, whose activity on the Argus fitness app was monitored.\r\n\r\nHong Kong was the most active of the countries by step count (an average of 6,880 a day) and it also had the smallest \'activity inequality\' (a score of 22.2).\r\n\r\n\'Activity inequality\' was the difference in activity between the fittest and the laziest.\r\n\r\nBy \'activity inequality\', China placed second (24.5), followed by Sweden (24.6), South Korea (24.7), and the Czech Republic (24.8). The UK ranked 36th by this measure with a score of 28.8.\r\n\r\nSaudi Arabia was the least equal by activity, with a score of 32.5.', 'images/image-44.jpg', '2017-07-15 12:55:08', null, 'post/46', 'images/postimages/image-44.jpg');
INSERT INTO `news` VALUES ('47', '7', 'Man takes his feud with a neighbour all the way to Google Earth', 'Neighbourly disputes are always awkward – but this paticular tiff has gone next-level.\r\n\r\nProblems started between Brian Juel and his neighbours Cindy and Brian Zechenelly when Cindy built a garage apartment on her property in 2009 and painted it purple. Oh yes, this goes way back.\r\n\r\nCindy told the Peninsula Daily News that her primary inspiration for the purple came from the Painted Ladies, tricolor Victorian houses on Alamo Square in San Francisco.\r\n\r\nJuel, who petitioned against the purple creation, told the same publication:', 'images/image-45.jpg', '2017-07-15 12:55:16', null, 'post/47', 'images/postimages/image-45.jpg');
INSERT INTO `news` VALUES ('48', '7', 'This is the kind of behaviour that will make people think you\'re stupid ', 'If you don’t want people to think you’re stupid, you should stop trying to do things above your station, according to science.\r\n\r\nResearchers have collected news stories containing descriptions of \'stupid\' behaviour, and also asked 26 students to keep a five-day diary of any incidents they saw of people acting \'stupidly\'.\r\n\r\nThese diary entries were shown to 154 other students, who were then asked to rate how stupid each event was, and rate how different psychological factors were to blame (such as tiredness or overconfidence).\r\n\r\nThe researchers found there are three main types of stupid. So, here\'s what not to do if you want to avoid looking stupid. \r\n1. Confident ignorance\r\n\r\nThis is when people do something risky when they lack the required skills or knowledge.\r\n\r\nFor example; don\'t say you can ice skate when you absolutely know you cannot ice skate.\r\n2. Lack of control\r\n\r\nThis stems from obsessive or addictive behaviour.\r\n3. Absentmindedness\r\n\r\nThis is when people fail to do something properly because they lack practical skills, or were distracted. \r\n\r\nIn other words, a Friday afternoon in the office. ', 'images/image-46.jpg', '2017-07-15 12:55:23', null, 'post/48', 'images/postimages/image-46.jpg');
INSERT INTO `news` VALUES ('49', '7', 'Super train that would speed between cities at 700mph has its first successful test', 'The concept of a \'hyperloop\', a rail system that works in a vacuum tube and thus reaches very high speeds, has been a pipe dream for a while now.\r\n\r\nElon Musk mentioned the concept back in 2012 and liked its immunity to weather, speed and low power consumption.\r\n\r\nThe speeds of such creations, which some analyses suggest could reach up to 760mph, would reduce a 6 hour journey by car to 35 minutes - even quicker than a flight, which currently takes around 1 hour and 20 minutes.\r\n\r\nNow, one of the startups working on this transportation system, just shared footage of their first full-scale test in a vacuum.', 'images/image-47.jpg', '2017-07-15 12:55:30', null, 'post/49', 'images/postimages/image-47.jpg');
INSERT INTO `news` VALUES ('50', '18', 'Nominees revealed for 2013 Laureus World Sports Awards ', 'After the unforgettable Olympic year, it comes as no surprise that many gold medallists from the London Games are up for Laureus Awards. ', 'images/image-48.jpg', '2017-07-15 12:55:38', null, 'post/50', 'images/postimages/image-48.jpg');
INSERT INTO `news` VALUES ('51', '8', 'Olympic medalist wants to be crowned the world\'s tallest model', null, 'images/image-49.jpg', '2017-07-15 12:55:46', null, 'post/51', 'images/postimages/image-49.jpg');
INSERT INTO `news` VALUES ('52', '8', 'Eight-year-old girl banned from football tournament \'because she looks like a boy\'', 'Let\'s get this out of the way nice and early football officials - Girls can have any length hair they damn well want.\r\n\r\nMili Hernandez, who happens to have short hair, is a talented footballer who plays for girls team Omaha Azzuri Cachorros.  \r\n\r\nOver the weekend she and her team mates were disqualified from a tournament in Nebraska as officials believed she was a boy... Because of her hair.\r\n\r\nMili\'s family showed the officials her insurance card and a doctor’s physical form, which listed Hernandez as a female but it did little to sway the judgement of the officials.', 'images/image-50.jpg', '2017-07-15 12:55:54', null, 'post/52', 'images/postimages/image-50.jpg');
INSERT INTO `news` VALUES ('53', '8', 'Manchester United won the Europa League and it was as emotionally charged as you\'d expect', 'On 22 May, at least 22 people were killed and 59 injured after a terrorist attack occurred during an Ariana Grande concert in Manchester.\r\n\r\nJust two days later, Manchester United played Ajax in the Europa League final in Stockholm. \r\n\r\nThanks to 17th and 46th minute goals from Paul Pogba and Henrikh Mkhitaryan, they won 2-0.\r\n\r\nAfter the game, the players expressed an awareness that this had been an emotional fixture.\r\n\r\nPaul Pogba, the first goal scorer and world-record transfer signing, said after the game:', 'images/image-51.jpg', '2017-07-15 12:56:01', null, 'post/53', 'images/postimages/image-51.jpg');
INSERT INTO `news` VALUES ('54', '8', 'This sprinter is going viral for her perfect pre-race ritual', 'If running was all about style, this teen would be an Olympic Gold medallist.\r\n\r\nWhile lining up for a high school 100m race on Wednesday, Kelly Nicole Lopez did something a little more fun than usual when getting into the starting blocks.\r\n\r\nShe mixed up some gymnastics with her track and field and perfectly executed a flip back into a handstand before fitting her feet in the starting block.', 'images/image-52.png', '2017-07-15 12:56:10', null, 'post/54', 'images/postimages/image-52.png');
INSERT INTO `news` VALUES ('55', '8', 'Orangemen played Curb Your Enthusiasm theme tune on Belfast march and everyone is very confused', 'A Twitter user named Patrick attended a Belfast march yesterday and there was something that took him rather by surprise. \r\n\r\nThe Twelfth of July parade celebrates the Protestant religion and heritage. Marchers this year were also commemerating the Boyne battle\'s 327th aniversary.\r\n\r\nPatrick, who was live tweeting his first ever march in Belfast, shared a video that shows the marching band playing what sounds to be the Curb Your Enthusiasm theme tune.', 'images/image-53.jpg', '2017-07-15 12:56:17', null, 'post/55', 'images/postimages/image-53.jpg');
INSERT INTO `news` VALUES ('56', '8', 'Without Chance!', 'Samtredia was expected to face a tough opponent in Baku. This season showed that Qarabag Agdam is a “big fish” for us, but 0:5 are too much.\r\n\r\nIn the first 10 minutes the Turkish referee gave yellow cards to three Georgians football players and Qarabag scored a penalty.\r\n\r\nSamtredia did not have a chance during 90 minutes.\r\n\r\nIt was not that Samtredia which became champion last year. The current national championship proved that the club lacks Budu Zivzivadze, Bachana Arabuli and Lasha Shergelashvili. ', 'images/image-54.jpg', '2017-07-15 12:56:23', null, 'post/56', 'images/postimages/image-54.jpg');
INSERT INTO `news` VALUES ('57', '8', 'We Are Far away from Modern Football', 'The Austrians scored the only goal by a beautiful combination at the beginning of the match.\r\n\r\nWe are far away from modern football. I am sure, individually, Dimitri Tatanashvili would have played better than forwards of Altach. Giorgi Ganugrava also started some good offences but could do nothing as there was no team action.\r\n\r\nAfter the match worldsport.ge asked Soso Pruidze: “Why cannot we play without ball? It was learnt in Paroe Islands, Malta, Luxembourg. They do it badly, but they do it. Why cannot we learn it?\r\n\r\nPruidze’s answer: “This is the most urgent question. Gia Geguchadze is a coach of U-21 team and he also says that we lack tactically educated players. It should come from children’s football. There are some players who want to work on it but nobody listens to them”.\r\n\r\nChikhura played actively only during 20-25 minutes after the goal. The Georgian club did not have a chance to score a goal in the second half.', 'images/image-55.jpg', '2017-07-15 12:56:29', null, 'post/57', 'images/postimages/image-55.jpg');
INSERT INTO `news` VALUES ('58', '8', 'Europa League: Opponents of the Georgian Clubs', 'Europa League first and second qualifying round draws were held in UEFA headquarter in Nyon. The Georgian clubs will start participating from the first qualifying draw and all of them have tough opponents:\r\n\r\nChikhura (Georgia) – Altach (Austria)\r\n\r\nJagiellonia (Poland) – Dinamo Batumi (Georgia)\r\n\r\nTrencin (Slovakia) – Torpedo (Georgia)\r\n\r\nThe first qualifying round matches will be held on June 29 and July 6.', 'images/image-56.jpg', '2017-07-15 12:56:36', null, 'post/58', 'images/postimages/image-56.jpg');
INSERT INTO `news` VALUES ('59', '8', 'Sanikidze May Miss EuroBasket', '\r\n\r\nViktor Sanikidze, member of the Georgia national basketball team, may miss EuroBasket 2017. Sanikidze has not practiced for several months due to leg injury. Viktor informed worldsport.ge about this information.\r\n\r\n“I have not started practicing due to leg injury. So, my chances to play at EuroBasket 2017 are 50X50”, - Sanikidze told us.\r\n\r\nBefore the start of 2016-2017 seasons Viktor transferred to Aris of Greece where he held few games. During one of the games he got injured and cannot practice.\r\n', 'images/image-57.jpg', '2017-07-15 12:56:43', null, 'post/59', 'images/postimages/image-57.jpg');
INSERT INTO `news` VALUES ('60', '8', 'Gold, Silver and Bronze - the First Day of European Championship Finished in Georgian', 'Givi Macharashvili (96 kg), member of the Georgian youth freestyle wrestling team, is a champion of Europe. Champions and prize winners were revealed in four weight categories in Dortmund, Germany. The first day of the tournament finished with the Georgian anthem – Macharashvili beat Simone Iannattoni of Italy 10:0.\r\n\r\nGivi Macharashvili arrived in Germany as a silver medalist of the previous tournament. This year he defeated three opponents before the final: Dimitrios Akritidis of Greece (14:2), Magomedrasul Gazimagomedov of Azerbaijan (15:7) and Ibrahim Cipci of Turkey (14:5).\r\n\r\nEdem Bolkvadze (60 kg) and Nika Kenchadze (74 kg) also wrestled in the name of Georgia\r\n\r\nKenchadze took the second place and Bolkvadze took the third place.\r\n\r\nToday champions and prize winners will be revealed in other four weight categories. The following wrestlers will wrestle in the name of Georgia: Teimuraz Vanishvili (55 kg), Mirza Skhulukhia (66 kg), Zaur Beradze (84 kg) and Zuriko Urtashvili (120 kg).', 'images/image-58.jpg', '2017-07-15 12:56:51', null, 'post/60', 'images/postimages/image-58.jpg');
INSERT INTO `news` VALUES ('61', '9', 'Koinari through, Moraa out in 200m races at Kasarani', 'Koinari, a form four student at Rirura Central Secondary School that has produced many middle and long distance track athletes, finished third in the third heat in a personal best of 21.79 to ease through to the semi-finals later Friday.\r\n\r\nKoinari finished behind the heat winner Luis Brandner from Germany in 21.23 (PB) and Vasyl Makukh from Ukraine in 21.62 (PB).\r\n\r\nFrenchman Paul Tritenne posted the fastest first round qualifying time with victory in the first heat of 21.08 followed by Brandner and the newly crowned 100m champion Tshenolo Lemao, who is chasing a double in 21.27.\r\n\r\n“There is no second chance and that is why my focus is firmly on winning gold for Kenya,” said the soft-spoken Koinari.', 'images/image-59.jpg', '2017-07-15 12:56:59', null, 'post/61', 'images/postimages/image-59.jpg');
INSERT INTO `news` VALUES ('62', '9', 'Kandie, Bett ease into 2000m steeplechase final ', 'Kenya\'s Leonard Bett (left), Ethiopia\'s Girma Diriba (centre) and South Africa\'s Robert De Villiers lead the field in the 2000m steeplechase semi-finals during the IAAF World Under 18 Athletics Championships on July 14, 2017 at Moi International Sports Centre, Kasarani. PHOTO | CHRIS OMOLLO |\r\n\r\nThe first semi-final was basically a showdown between Kandie, who was suave over the barriers and the lanky Ethiopian Alemu Kitessa, who seemingly had problems at the barriers but good on the straight.', 'images/image-60.jpg', '2017-07-15 12:57:07', null, 'post/62', 'images/postimages/image-60.jpg');
INSERT INTO `news` VALUES ('63', '9', 'Julius Yego: Ita Nao could have done better', 'Favourite Zhekai Liu from China lived to his billing to haul personal best 77.54m to win gold as South Africa’s Johannes Schlebusch settled for silver in 75.68. Another Chinese Quingshu Song took bronze in 73.64.\r\n\r\nYego said that there is great talent in the country but accused federation chiefs of not being keen on nurturing upcoming athletes.\r\n\r\n\"We have great talent in our country but the problem is that we don\'t have good facilities that will help the athletes in training. For instance, Leshan who is participating in javelin, is using wrong shoes which makes him not perform well,\" said Yego.\r\n\r\nAthletics Kenya Youth Committee chairman Barnabas Korir however said the training gears for the field events were bought but were not delivered on time.', 'images/image-61.jpg', '2017-07-15 12:57:15', null, 'post/63', 'images/postimages/image-61.jpg');
INSERT INTO `news` VALUES ('64', '9', 'Make that 100-10! Kenya Simbas maul Tunisia at RFUEA', 'eighthman Joshua Chisanga, right wing Darwin Mukidza and blind side flanker Eric Kerre touched down a brace each to propel the Simbas to their largest ever victory in their history.\r\n\r\nMukidza stroked over back 11 conversions while centre David Ambunya, scrum-half Samson Onsomu, man-of-the match centre Leo Seje, Martin Owila and Steve Otieno helped themselves to a try each.\r\n\r\nSimbas led 46-10 at the break.\r\n\r\nBen Hamouda and Ashif Dhif managed the consolation tries for woeful Tunisia, who suffered their second defeat in the Gold Cup, having also fallen to Namibia 41-7 in Tunis the previous weekend.\r\n\r\nKenya, who had opened their campaign with a 33-33 draw with Uganda two weeks ago will meet Senegal in their third match in Saturday next week at the RFUEA grounds.\r\n\r\nKenya biggest win before Saturday’s match was 96-3 against Nigeria in 1987.\r\n\r\n“It’s a good victory but the battle has just started,” said Simbas coach Jerome Paarwater.\r\n\r\n“We still need to work on our defence and kick-offs which were not good.”\r\n\r\nPaarwater noted that they might have improved in their attack but their next opponents, who include Senegal, Zimbabwe and Namibia will pose a different challenge.\r\n\r\nTunisia flanker Saif Bousaada mourned the absence of most of their foreign-based players, who refused to travel over disagreement with their local federation\r\n\r\n“Kenya played a good and solid game. We are not embarrassed by the big loss,” said Bousaada. “It’s our regular players who refused to come who should be ashamed.”\r\n\r\nMousaada, who advised Kenya to inject more professionalism to their play if they want to harbour any hopes of beating Namibia.\r\n\r\nHe said that their chances of remaining in the group for next year’s 2019 World Cup qualifiers looked dim.\r\n\r\nOjee launched the Simbas hunt with a try that Mukidza converted before putting over a penalty. Mukidza was on the spot to convert his own try before converting Ambunya and Kerre’s tries for a Kenya 31-5 lead.\r\n\r\nHowever, Mukidza missed to convert Onsomu, Chisanga and Ojee’s second tries as the cruising hosts stretched their lead to 46-10 at the drinks.\r\n\r\nThe second half was one-way traffic with Ojee adding two more tries as Kerre and Mukidza completed their doubles.', 'images/image-62.jpg', '2017-07-15 12:57:25', null, 'post/64', 'images/postimages/image-62.jpg');
INSERT INTO `news` VALUES ('65', '9', 'K’Opondo back as Kenya Simbas face Tunisia', 'North Africans, winning 46-15.\r\n\r\nThey met for the first time in 2005 where Kenyan triumphed 37-15 before meeting next in 2009 when Kenya lost 44-15. Kenya and Tunisia clashed at the 2011 final when Kenya won 16-7 at the RFUEA grounds.\r\n\r\nTheir next meeting was during the 2012 championship with Kenya claiming a 31-24 victory in the play-offs for third place.\r\n\r\nKenya suffered their heaviest defeat against Tunisia 52-5 back in 1997 when they met for the first time in a Test match.', 'images/image-63.jpg', '2017-07-15 12:57:35', null, 'post/65', 'images/postimages/image-63.jpg');
INSERT INTO `news` VALUES ('66', '9', 'Rooney, Everton delight fans in Tanzania', 'The Toffees received a warm welcome after arriving in Dar es Salaam on Wednesday with large numbers of Tanzanian football fans eager to greet Rooney and his new team-mates.\r\n\r\nIn May, Everton announced they had penned a five-year sponsorship deal with SportPesa to succeed Thai brewing company Chang.\r\n\r\n\"We\'re pleased to have secured the biggest commercial partnership deal in the club\'s history with an ambitious and growing, global company,\" Everton chief executive Robert Elstone said at the time.\r\n\r\n\"From the outset we have been impressed by SportPesa and the company\'s plans for the future. Over the coming months and years we will be working closely to realise our ambitions together.\"\r\n\r\n\"We are thrilled to have secured an alignment with Everton, a club weaved prominently throughout the tapestry of world football,\" added Ivo Bozukov, director of global strategy for SportPesa.\r\n\r\nSportPesa, which is looking to increase its visibility through the Premier League, is further strengthening its ties with the city of Liverpool by moving its European headquarters there.\r\n\r\nThe Kenyan company were Hull City\'s shirt sponsors last season, but the Tigers were relegated from the top flight at the end of the 2016-17 campaign. SportPesa also has partnerships with Arsenal and Southampton.', 'images/image-64.jpg', '2017-07-15 12:57:42', null, 'post/66', 'images/postimages/image-64.jpg');
INSERT INTO `users` VALUES ('1', 'Martin Mundia Mugambi', 'mugambi.m.mundia@gmail.com', '$2y$10$ffTPjnfQrz0oV3.vRc7ndOc9UzuBXeyNtk5wCPOjg4ahVZUETT8Z6', '2017-07-24 10:58:37', '2017-07-21 13:11:00', 'GtjVq7lvKNqo8acTojGqsYQyPcCfW2rFshZ4JvGFEYQuRNnJLyxKHNr2CCrs');
